1,Hilliard,havard0@prlog.org, Rs. 3467898 ,Rhynoodle,
2,Cthrine,cwhitty1@walmart.com, Rs. 3467899 ,Talane,
3,Ganny,gdanilevich2@nymag.com, Rs. 3467896 ,Zoomdog,
4,Illa,ipavlovsky3@craigslist.org, Rs. 3467896 ,Yodel,
5,Kaja,kdocherty4@ox.ac.uk, Rs. 3467897 ,Skyvu,
6,Inglis,ihulke5@foxnews.com, Rs. 3467895 ,Jayo,
7,Erv,epatry6@washington.edu, Rs. 346789 ,Quire,
8,Bel,bfrankema7@free.fr, Rs. 3467894 ,Jabbersphere,
9,Cosimo,cnerval8@tuttocitta.it, Rs. 3467898 ,Voonix,
10,Haley,hriggs9@posterous.com, Rs. 3467895 ,Aimbo,
11,Saundra,sausticka@hostgator.com, Rs. 346789 ,Devshare,
12,Betteann,bdoleyb@bluehost.com, Rs. 3467893 ,Trilia,
13,Nikolaus,nfairchildc@youku.com, Rs. 3467899 ,Wordware,
14,Coleman,crigated@ucoz.ru, Rs. 3467897 ,Avavee,
15,Linus,lbowderye@blog.com, Rs. 3467892 ,Oba,
16,Trixie,tdegiorgisf@va.gov, Rs. 3467890 ,Ooba,
17,Emera,egreiserg@theguardian.com, Rs. 3467894 ,Centizu,
18,Ariella,amccormackh@aboutads.info, Rs. 346789 ,Skyble,
19,Moselle,mpichei@earthlink.net, Rs. 3467894 ,Kimia,
20,Roley,rmonckj@usgs.gov, Rs. 3467894 ,Abatz,
21,Kerianne,kfurbyk@jimdo.com, Rs. 3467892 ,Thoughtstorm,
22,Chiquia,chawksleyl@hhs.gov, Rs. 346789 ,Skyndu,
23,Trisha,tcrockleym@linkedin.com, Rs. 346789 ,Jazzy,
24,Darbee,djovovicn@engadget.com, Rs. 3467893 ,Realblab,
25,Maddy,mbordessao@dmoz.org, Rs. 3467897 ,Blogtags,
26,Hedwiga,hrobardleyp@dion.ne.jp, Rs. 3467896 ,Trunyx,
27,Tally,tmathanq@symantec.com, Rs. 346789 ,Blogtag,
28,Greer,gcruwysr@cdc.gov, Rs. 3467896 ,Oyope,
29,Sebastian,spocklingtons@digg.com, Rs. 3467890 ,Browseblab,
30,Debra,dprimet@google.de, Rs. 3467894 ,Thoughtstorm,
31,Weylin,wfranziniu@fotki.com, Rs. 3467897 ,Tazzy,
32,Peirce,pgasparrov@qq.com, Rs. 3467890 ,Babbleset,
33,Dougie,dvuittetw@sun.com, Rs. 3467897 ,Roomm,
